
-- *** STRUCTURE: `tbl_fields_author` ***
DROP TABLE IF EXISTS `tbl_fields_author`;
CREATE TABLE `tbl_fields_author` (
  `id` int(11) unsigned NOT NULL auto_increment,
  `field_id` int(11) unsigned NOT NULL,
  `allow_author_change` enum('yes','no') collate utf8_unicode_ci NOT NULL,
  `allow_multiple_selection` enum('yes','no') collate utf8_unicode_ci NOT NULL default 'no',
  PRIMARY KEY  (`id`),
  UNIQUE KEY `field_id` (`field_id`)
) ENGINE=MyISAM DEFAULT CHARSET=utf8 COLLATE=utf8_unicode_ci;

-- *** DATA: `tbl_fields_author` ***

-- *** STRUCTURE: `tbl_fields_checkbox` ***
DROP TABLE IF EXISTS `tbl_fields_checkbox`;
CREATE TABLE `tbl_fields_checkbox` (
  `id` int(11) unsigned NOT NULL auto_increment,
  `field_id` int(11) unsigned NOT NULL,
  `default_state` enum('on','off') collate utf8_unicode_ci NOT NULL default 'on',
  `description` varchar(255) collate utf8_unicode_ci default NULL,
  PRIMARY KEY  (`id`),
  KEY `field_id` (`field_id`)
) ENGINE=MyISAM AUTO_INCREMENT=5 DEFAULT CHARSET=utf8 COLLATE=utf8_unicode_ci;

-- *** DATA: `tbl_fields_checkbox` ***
INSERT INTO `tbl_fields_checkbox` (`id`, `field_id`, `default_state`, `description`) VALUES (4, 5, 'off', 'Publish this article');
INSERT INTO `tbl_fields_checkbox` (`id`, `field_id`, `default_state`, `description`) VALUES (3, 16, 'off', 'Website author');

-- *** STRUCTURE: `tbl_fields_date` ***
DROP TABLE IF EXISTS `tbl_fields_date`;
CREATE TABLE `tbl_fields_date` (
  `id` int(11) unsigned NOT NULL auto_increment,
  `field_id` int(11) unsigned NOT NULL,
  `pre_populate` enum('yes','no') collate utf8_unicode_ci NOT NULL default 'no',
  `calendar` enum('yes','no') collate utf8_unicode_ci NOT NULL default 'no',
  PRIMARY KEY  (`id`),
  KEY `field_id` (`field_id`)
) ENGINE=MyISAM AUTO_INCREMENT=6 DEFAULT CHARSET=utf8 COLLATE=utf8_unicode_ci;

-- *** DATA: `tbl_fields_date` ***
INSERT INTO `tbl_fields_date` (`id`, `field_id`, `pre_populate`, `calendar`) VALUES (5, 3, 'yes', 'no');
INSERT INTO `tbl_fields_date` (`id`, `field_id`, `pre_populate`, `calendar`) VALUES (3, 8, 'yes', 'no');
INSERT INTO `tbl_fields_date` (`id`, `field_id`, `pre_populate`, `calendar`) VALUES (4, 13, 'yes', 'no');

-- *** STRUCTURE: `tbl_fields_input` ***
DROP TABLE IF EXISTS `tbl_fields_input`;
CREATE TABLE `tbl_fields_input` (
  `id` int(11) unsigned NOT NULL auto_increment,
  `field_id` int(11) unsigned NOT NULL,
  `validator` varchar(100) collate utf8_unicode_ci default NULL,
  PRIMARY KEY  (`id`),
  KEY `field_id` (`field_id`)
) ENGINE=MyISAM AUTO_INCREMENT=12 DEFAULT CHARSET=utf8 COLLATE=utf8_unicode_ci;

-- *** DATA: `tbl_fields_input` ***
INSERT INTO `tbl_fields_input` (`id`, `field_id`, `validator`) VALUES (10, 1, NULL);
INSERT INTO `tbl_fields_input` (`id`, `field_id`, `validator`) VALUES (11, 6, NULL);
INSERT INTO `tbl_fields_input` (`id`, `field_id`, `validator`) VALUES (4, 10, NULL);
INSERT INTO `tbl_fields_input` (`id`, `field_id`, `validator`) VALUES (5, 11, '/^\\w(?:\\.?[\\w%+-]+)*@\\w(?:[\\w-]*\\.)+?[a-z]{2,}$/i');
INSERT INTO `tbl_fields_input` (`id`, `field_id`, `validator`) VALUES (6, 12, '/^[^\\s:\\/?#]+:(?:\\/{2,3})?[^\\s.\\/?#]+(?:\\.[^\\s.\\/?#]+)*(?:\\/[^\\s?#]*\\??[^\\s?#]*(#[^\\s#]*)?)?$/');
INSERT INTO `tbl_fields_input` (`id`, `field_id`, `validator`) VALUES (7, 17, NULL);
INSERT INTO `tbl_fields_input` (`id`, `field_id`, `validator`) VALUES (8, 18, '/^\\w(?:\\.?[\\w%+-]+)*@\\w(?:[\\w-]*\\.)+?[a-z]{2,}$/i');
INSERT INTO `tbl_fields_input` (`id`, `field_id`, `validator`) VALUES (9, 19, NULL);

-- *** STRUCTURE: `tbl_fields_select` ***
DROP TABLE IF EXISTS `tbl_fields_select`;
CREATE TABLE `tbl_fields_select` (
  `id` int(11) unsigned NOT NULL auto_increment,
  `field_id` int(11) unsigned NOT NULL,
  `allow_multiple_selection` enum('yes','no') collate utf8_unicode_ci NOT NULL default 'no',
  `static_options` text collate utf8_unicode_ci,
  `dynamic_options` int(11) unsigned default NULL,
  PRIMARY KEY  (`id`),
  KEY `field_id` (`field_id`)
) ENGINE=MyISAM DEFAULT CHARSET=utf8 COLLATE=utf8_unicode_ci;

-- *** DATA: `tbl_fields_select` ***

-- *** STRUCTURE: `tbl_fields_selectbox_link` ***
DROP TABLE IF EXISTS `tbl_fields_selectbox_link`;
CREATE TABLE `tbl_fields_selectbox_link` (
  `id` int(11) unsigned NOT NULL auto_increment,
  `field_id` int(11) unsigned NOT NULL,
  `allow_multiple_selection` enum('yes','no') NOT NULL default 'no',
  `related_field_id` varchar(255) NOT NULL,
  `limit` int(4) unsigned NOT NULL default '20',
  PRIMARY KEY  (`id`),
  KEY `field_id` (`field_id`)
) ENGINE=MyISAM AUTO_INCREMENT=5 DEFAULT CHARSET=utf8;

-- *** DATA: `tbl_fields_selectbox_link` ***
INSERT INTO `tbl_fields_selectbox_link` (`id`, `field_id`, `allow_multiple_selection`, `related_field_id`, `limit`) VALUES (1, 14, 'no', 1, 20);
INSERT INTO `tbl_fields_selectbox_link` (`id`, `field_id`, `allow_multiple_selection`, `related_field_id`, `limit`) VALUES (4, 22, 'no', 1, 20);
INSERT INTO `tbl_fields_selectbox_link` (`id`, `field_id`, `allow_multiple_selection`, `related_field_id`, `limit`) VALUES (3, 4, 'no', 6, 20);

-- *** STRUCTURE: `tbl_fields_taglist` ***
DROP TABLE IF EXISTS `tbl_fields_taglist`;
CREATE TABLE `tbl_fields_taglist` (
  `id` int(11) unsigned NOT NULL auto_increment,
  `field_id` int(11) unsigned NOT NULL,
  `validator` varchar(100) collate utf8_unicode_ci default NULL,
  `pre_populate_source` varchar(15) collate utf8_unicode_ci default NULL,
  PRIMARY KEY  (`id`),
  KEY `field_id` (`field_id`),
  KEY `pre_populate_source` (`pre_populate_source`)
) ENGINE=MyISAM DEFAULT CHARSET=utf8 COLLATE=utf8_unicode_ci;

-- *** DATA: `tbl_fields_taglist` ***

-- *** STRUCTURE: `tbl_fields_textarea` ***
DROP TABLE IF EXISTS `tbl_fields_textarea`;
CREATE TABLE `tbl_fields_textarea` (
  `id` int(11) unsigned NOT NULL auto_increment,
  `field_id` int(11) unsigned NOT NULL,
  `formatter` varchar(100) collate utf8_unicode_ci default NULL,
  `size` int(3) unsigned NOT NULL,
  PRIMARY KEY  (`id`),
  KEY `field_id` (`field_id`)
) ENGINE=MyISAM AUTO_INCREMENT=11 DEFAULT CHARSET=utf8 COLLATE=utf8_unicode_ci;

-- *** DATA: `tbl_fields_textarea` ***
INSERT INTO `tbl_fields_textarea` (`id`, `field_id`, `formatter`, `size`) VALUES (8, 2, 'pb_markdownextrasmartypants', 20);
INSERT INTO `tbl_fields_textarea` (`id`, `field_id`, `formatter`, `size`) VALUES (9, 7, 'pb_markdownextrasmartypants', 5);
INSERT INTO `tbl_fields_textarea` (`id`, `field_id`, `formatter`, `size`) VALUES (4, 9, 'pb_markdownextrasmartypants', 15);
INSERT INTO `tbl_fields_textarea` (`id`, `field_id`, `formatter`, `size`) VALUES (5, 15, 'pb_markdownextrasmartypants', 8);
INSERT INTO `tbl_fields_textarea` (`id`, `field_id`, `formatter`, `size`) VALUES (6, 20, NULL, 9);
INSERT INTO `tbl_fields_textarea` (`id`, `field_id`, `formatter`, `size`) VALUES (10, 23, 'pb_markdownextrasmartypants', 9);

-- *** STRUCTURE: `tbl_fields_upload` ***
DROP TABLE IF EXISTS `tbl_fields_upload`;
CREATE TABLE `tbl_fields_upload` (
  `id` int(11) unsigned NOT NULL auto_increment,
  `field_id` int(11) unsigned NOT NULL,
  `destination` varchar(255) collate utf8_unicode_ci NOT NULL,
  `validator` varchar(50) collate utf8_unicode_ci default NULL,
  PRIMARY KEY  (`id`),
  KEY `field_id` (`field_id`)
) ENGINE=MyISAM AUTO_INCREMENT=3 DEFAULT CHARSET=utf8 COLLATE=utf8_unicode_ci;

-- *** DATA: `tbl_fields_upload` ***
INSERT INTO `tbl_fields_upload` (`id`, `field_id`, `destination`, `validator`) VALUES (2, 21, '/workspace', '/\\.(?:bmp|gif|jpe?g|png)$/i');

-- *** STRUCTURE: `tbl_entries_data_1` ***
DROP TABLE IF EXISTS `tbl_entries_data_1`;
CREATE TABLE `tbl_entries_data_1` (
  `id` int(11) unsigned NOT NULL auto_increment,
  `entry_id` int(11) unsigned NOT NULL,
  `handle` varchar(255) default NULL,
  `value` varchar(255) default NULL,
  PRIMARY KEY  (`id`),
  KEY `entry_id` (`entry_id`),
  KEY `handle` (`handle`),
  KEY `value` (`value`)
) ENGINE=MyISAM DEFAULT CHARSET=utf8;

-- *** DATA: `tbl_entries_data_1` ***

-- *** STRUCTURE: `tbl_entries_data_10` ***
DROP TABLE IF EXISTS `tbl_entries_data_10`;
CREATE TABLE `tbl_entries_data_10` (
  `id` int(11) unsigned NOT NULL auto_increment,
  `entry_id` int(11) unsigned NOT NULL,
  `handle` varchar(255) default NULL,
  `value` varchar(255) default NULL,
  PRIMARY KEY  (`id`),
  KEY `entry_id` (`entry_id`),
  KEY `handle` (`handle`),
  KEY `value` (`value`)
) ENGINE=MyISAM DEFAULT CHARSET=utf8;

-- *** DATA: `tbl_entries_data_10` ***

-- *** STRUCTURE: `tbl_entries_data_11` ***
DROP TABLE IF EXISTS `tbl_entries_data_11`;
CREATE TABLE `tbl_entries_data_11` (
  `id` int(11) unsigned NOT NULL auto_increment,
  `entry_id` int(11) unsigned NOT NULL,
  `handle` varchar(255) default NULL,
  `value` varchar(255) default NULL,
  PRIMARY KEY  (`id`),
  KEY `entry_id` (`entry_id`),
  KEY `handle` (`handle`),
  KEY `value` (`value`)
) ENGINE=MyISAM DEFAULT CHARSET=utf8;

-- *** DATA: `tbl_entries_data_11` ***

-- *** STRUCTURE: `tbl_entries_data_12` ***
DROP TABLE IF EXISTS `tbl_entries_data_12`;
CREATE TABLE `tbl_entries_data_12` (
  `id` int(11) unsigned NOT NULL auto_increment,
  `entry_id` int(11) unsigned NOT NULL,
  `handle` varchar(255) default NULL,
  `value` varchar(255) default NULL,
  PRIMARY KEY  (`id`),
  KEY `entry_id` (`entry_id`),
  KEY `handle` (`handle`),
  KEY `value` (`value`)
) ENGINE=MyISAM DEFAULT CHARSET=utf8;

-- *** DATA: `tbl_entries_data_12` ***

-- *** STRUCTURE: `tbl_entries_data_13` ***
DROP TABLE IF EXISTS `tbl_entries_data_13`;
CREATE TABLE `tbl_entries_data_13` (
  `id` int(11) unsigned NOT NULL auto_increment,
  `entry_id` int(11) unsigned NOT NULL,
  `value` varchar(80) default NULL,
  `local` int(11) default NULL,
  `gmt` int(11) default NULL,
  PRIMARY KEY  (`id`),
  KEY `entry_id` (`entry_id`),
  KEY `value` (`value`)
) ENGINE=MyISAM DEFAULT CHARSET=utf8;

-- *** DATA: `tbl_entries_data_13` ***

-- *** STRUCTURE: `tbl_entries_data_14` ***
DROP TABLE IF EXISTS `tbl_entries_data_14`;
CREATE TABLE `tbl_entries_data_14` (
  `id` int(11) unsigned NOT NULL auto_increment,
  `entry_id` int(11) unsigned NOT NULL,
  `relation_id` int(11) unsigned NOT NULL,
  PRIMARY KEY  (`id`),
  KEY `entry_id` (`entry_id`),
  KEY `relation_id` (`relation_id`)
) ENGINE=MyISAM DEFAULT CHARSET=utf8;

-- *** DATA: `tbl_entries_data_14` ***

-- *** STRUCTURE: `tbl_entries_data_15` ***
DROP TABLE IF EXISTS `tbl_entries_data_15`;
CREATE TABLE `tbl_entries_data_15` (
  `id` int(11) unsigned NOT NULL auto_increment,
  `entry_id` int(11) unsigned NOT NULL,
  `value` text,
  `value_formatted` text,
  PRIMARY KEY  (`id`),
  KEY `entry_id` (`entry_id`),
  FULLTEXT KEY `value` (`value`)
) ENGINE=MyISAM DEFAULT CHARSET=utf8;

-- *** DATA: `tbl_entries_data_15` ***

-- *** STRUCTURE: `tbl_entries_data_16` ***
DROP TABLE IF EXISTS `tbl_entries_data_16`;
CREATE TABLE `tbl_entries_data_16` (
  `id` int(11) unsigned NOT NULL auto_increment,
  `entry_id` int(11) unsigned NOT NULL,
  `value` enum('yes','no') NOT NULL default 'no',
  PRIMARY KEY  (`id`),
  KEY `entry_id` (`entry_id`),
  KEY `value` (`value`)
) ENGINE=MyISAM DEFAULT CHARSET=utf8;

-- *** DATA: `tbl_entries_data_16` ***

-- *** STRUCTURE: `tbl_entries_data_17` ***
DROP TABLE IF EXISTS `tbl_entries_data_17`;
CREATE TABLE `tbl_entries_data_17` (
  `id` int(11) unsigned NOT NULL auto_increment,
  `entry_id` int(11) unsigned NOT NULL,
  `handle` varchar(255) default NULL,
  `value` varchar(255) default NULL,
  PRIMARY KEY  (`id`),
  KEY `entry_id` (`entry_id`),
  KEY `handle` (`handle`),
  KEY `value` (`value`)
) ENGINE=MyISAM DEFAULT CHARSET=utf8;

-- *** DATA: `tbl_entries_data_17` ***

-- *** STRUCTURE: `tbl_entries_data_18` ***
DROP TABLE IF EXISTS `tbl_entries_data_18`;
CREATE TABLE `tbl_entries_data_18` (
  `id` int(11) unsigned NOT NULL auto_increment,
  `entry_id` int(11) unsigned NOT NULL,
  `handle` varchar(255) default NULL,
  `value` varchar(255) default NULL,
  PRIMARY KEY  (`id`),
  KEY `entry_id` (`entry_id`),
  KEY `handle` (`handle`),
  KEY `value` (`value`)
) ENGINE=MyISAM DEFAULT CHARSET=utf8;

-- *** DATA: `tbl_entries_data_18` ***

-- *** STRUCTURE: `tbl_entries_data_19` ***
DROP TABLE IF EXISTS `tbl_entries_data_19`;
CREATE TABLE `tbl_entries_data_19` (
  `id` int(11) unsigned NOT NULL auto_increment,
  `entry_id` int(11) unsigned NOT NULL,
  `handle` varchar(255) default NULL,
  `value` varchar(255) default NULL,
  PRIMARY KEY  (`id`),
  KEY `entry_id` (`entry_id`),
  KEY `handle` (`handle`),
  KEY `value` (`value`)
) ENGINE=MyISAM DEFAULT CHARSET=utf8;

-- *** DATA: `tbl_entries_data_19` ***

-- *** STRUCTURE: `tbl_entries_data_2` ***
DROP TABLE IF EXISTS `tbl_entries_data_2`;
CREATE TABLE `tbl_entries_data_2` (
  `id` int(11) unsigned NOT NULL auto_increment,
  `entry_id` int(11) unsigned NOT NULL,
  `value` text,
  `value_formatted` text,
  PRIMARY KEY  (`id`),
  KEY `entry_id` (`entry_id`),
  FULLTEXT KEY `value` (`value`)
) ENGINE=MyISAM DEFAULT CHARSET=utf8;

-- *** DATA: `tbl_entries_data_2` ***

-- *** STRUCTURE: `tbl_entries_data_20` ***
DROP TABLE IF EXISTS `tbl_entries_data_20`;
CREATE TABLE `tbl_entries_data_20` (
  `id` int(11) unsigned NOT NULL auto_increment,
  `entry_id` int(11) unsigned NOT NULL,
  `value` text,
  `value_formatted` text,
  PRIMARY KEY  (`id`),
  KEY `entry_id` (`entry_id`),
  FULLTEXT KEY `value` (`value`)
) ENGINE=MyISAM DEFAULT CHARSET=utf8;

-- *** DATA: `tbl_entries_data_20` ***

-- *** STRUCTURE: `tbl_entries_data_21` ***
DROP TABLE IF EXISTS `tbl_entries_data_21`;
CREATE TABLE `tbl_entries_data_21` (
  `id` int(11) unsigned NOT NULL auto_increment,
  `entry_id` int(11) unsigned NOT NULL,
  `file` varchar(255) default NULL,
  `size` int(11) unsigned NOT NULL,
  `mimetype` varchar(50) default NULL,
  `meta` varchar(255) default NULL,
  PRIMARY KEY  (`id`),
  KEY `entry_id` (`entry_id`),
  KEY `file` (`file`),
  KEY `mimetype` (`mimetype`)
) ENGINE=MyISAM DEFAULT CHARSET=utf8;

-- *** DATA: `tbl_entries_data_21` ***

-- *** STRUCTURE: `tbl_entries_data_22` ***
DROP TABLE IF EXISTS `tbl_entries_data_22`;
CREATE TABLE `tbl_entries_data_22` (
  `id` int(11) unsigned NOT NULL auto_increment,
  `entry_id` int(11) unsigned NOT NULL,
  `relation_id` int(11) unsigned NOT NULL,
  PRIMARY KEY  (`id`),
  KEY `entry_id` (`entry_id`),
  KEY `relation_id` (`relation_id`)
) ENGINE=MyISAM DEFAULT CHARSET=utf8;

-- *** DATA: `tbl_entries_data_22` ***

-- *** STRUCTURE: `tbl_entries_data_23` ***
DROP TABLE IF EXISTS `tbl_entries_data_23`;
CREATE TABLE `tbl_entries_data_23` (
  `id` int(11) unsigned NOT NULL auto_increment,
  `entry_id` int(11) unsigned NOT NULL,
  `value` text,
  `value_formatted` text,
  PRIMARY KEY  (`id`),
  KEY `entry_id` (`entry_id`),
  FULLTEXT KEY `value` (`value`)
) ENGINE=MyISAM DEFAULT CHARSET=utf8;

-- *** DATA: `tbl_entries_data_23` ***

-- *** STRUCTURE: `tbl_entries_data_3` ***
DROP TABLE IF EXISTS `tbl_entries_data_3`;
CREATE TABLE `tbl_entries_data_3` (
  `id` int(11) unsigned NOT NULL auto_increment,
  `entry_id` int(11) unsigned NOT NULL,
  `value` varchar(80) default NULL,
  `local` int(11) default NULL,
  `gmt` int(11) default NULL,
  PRIMARY KEY  (`id`),
  KEY `entry_id` (`entry_id`),
  KEY `value` (`value`)
) ENGINE=MyISAM DEFAULT CHARSET=utf8;

-- *** DATA: `tbl_entries_data_3` ***

-- *** STRUCTURE: `tbl_entries_data_4` ***
DROP TABLE IF EXISTS `tbl_entries_data_4`;
CREATE TABLE `tbl_entries_data_4` (
  `id` int(11) unsigned NOT NULL auto_increment,
  `entry_id` int(11) unsigned NOT NULL,
  `relation_id` int(11) unsigned NOT NULL,
  PRIMARY KEY  (`id`),
  KEY `entry_id` (`entry_id`),
  KEY `relation_id` (`relation_id`)
) ENGINE=MyISAM DEFAULT CHARSET=utf8;

-- *** DATA: `tbl_entries_data_4` ***

-- *** STRUCTURE: `tbl_entries_data_5` ***
DROP TABLE IF EXISTS `tbl_entries_data_5`;
CREATE TABLE `tbl_entries_data_5` (
  `id` int(11) unsigned NOT NULL auto_increment,
  `entry_id` int(11) unsigned NOT NULL,
  `value` enum('yes','no') NOT NULL default 'no',
  PRIMARY KEY  (`id`),
  KEY `entry_id` (`entry_id`),
  KEY `value` (`value`)
) ENGINE=MyISAM DEFAULT CHARSET=utf8;

-- *** DATA: `tbl_entries_data_5` ***

-- *** STRUCTURE: `tbl_entries_data_6` ***
DROP TABLE IF EXISTS `tbl_entries_data_6`;
CREATE TABLE `tbl_entries_data_6` (
  `id` int(11) unsigned NOT NULL auto_increment,
  `entry_id` int(11) unsigned NOT NULL,
  `handle` varchar(255) default NULL,
  `value` varchar(255) default NULL,
  PRIMARY KEY  (`id`),
  KEY `entry_id` (`entry_id`),
  KEY `handle` (`handle`),
  KEY `value` (`value`)
) ENGINE=MyISAM DEFAULT CHARSET=utf8;

-- *** DATA: `tbl_entries_data_6` ***

-- *** STRUCTURE: `tbl_entries_data_7` ***
DROP TABLE IF EXISTS `tbl_entries_data_7`;
CREATE TABLE `tbl_entries_data_7` (
  `id` int(11) unsigned NOT NULL auto_increment,
  `entry_id` int(11) unsigned NOT NULL,
  `value` text,
  `value_formatted` text,
  PRIMARY KEY  (`id`),
  KEY `entry_id` (`entry_id`),
  FULLTEXT KEY `value` (`value`)
) ENGINE=MyISAM DEFAULT CHARSET=utf8;

-- *** DATA: `tbl_entries_data_7` ***

-- *** STRUCTURE: `tbl_entries_data_8` ***
DROP TABLE IF EXISTS `tbl_entries_data_8`;
CREATE TABLE `tbl_entries_data_8` (
  `id` int(11) unsigned NOT NULL auto_increment,
  `entry_id` int(11) unsigned NOT NULL,
  `value` varchar(80) default NULL,
  `local` int(11) default NULL,
  `gmt` int(11) default NULL,
  PRIMARY KEY  (`id`),
  KEY `entry_id` (`entry_id`),
  KEY `value` (`value`)
) ENGINE=MyISAM DEFAULT CHARSET=utf8;

-- *** DATA: `tbl_entries_data_8` ***

-- *** STRUCTURE: `tbl_entries_data_9` ***
DROP TABLE IF EXISTS `tbl_entries_data_9`;
CREATE TABLE `tbl_entries_data_9` (
  `id` int(11) unsigned NOT NULL auto_increment,
  `entry_id` int(11) unsigned NOT NULL,
  `value` text,
  `value_formatted` text,
  PRIMARY KEY  (`id`),
  KEY `entry_id` (`entry_id`),
  FULLTEXT KEY `value` (`value`)
) ENGINE=MyISAM DEFAULT CHARSET=utf8;

-- *** DATA: `tbl_entries_data_9` ***

-- *** DATA: `tbl_entries` ***

-- *** DATA: `tbl_extensions` ***
INSERT INTO `tbl_extensions` (`id`, `name`, `status`, `version`) VALUES (1, 'debugdevkit', 'enabled', 1);
INSERT INTO `tbl_extensions` (`id`, `name`, `status`, `version`) VALUES (2, 'export_ensemble', 'enabled', 1.6);
INSERT INTO `tbl_extensions` (`id`, `name`, `status`, `version`) VALUES (3, 'selectbox_link_field', 'enabled', 1.9);
INSERT INTO `tbl_extensions` (`id`, `name`, `status`, `version`) VALUES (4, 'jit_image_manipulation', 'enabled', 1.02);
INSERT INTO `tbl_extensions` (`id`, `name`, `status`, `version`) VALUES (5, 'maintenance_mode', 'enabled', 1.1);
INSERT INTO `tbl_extensions` (`id`, `name`, `status`, `version`) VALUES (6, 'markdown', 'enabled', 1.8);
INSERT INTO `tbl_extensions` (`id`, `name`, `status`, `version`) VALUES (7, 'profiledevkit', 'enabled', 1);

-- *** DATA: `tbl_extensions_delegates` ***
INSERT INTO `tbl_extensions_delegates` (`id`, `extension_id`, `page`, `delegate`, `callback`) VALUES (1, 1, '/frontend/', 'FrontendDevKitResolve', 'frontendDevKitResolve');
INSERT INTO `tbl_extensions_delegates` (`id`, `extension_id`, `page`, `delegate`, `callback`) VALUES (2, 1, '/frontend/', 'ManipulateDevKitNavigation', 'manipulateDevKitNavigation');
INSERT INTO `tbl_extensions_delegates` (`id`, `extension_id`, `page`, `delegate`, `callback`) VALUES (3, 2, '/system/preferences/', 'AddCustomPreferenceFieldsets', 'appendPreferences');
INSERT INTO `tbl_extensions_delegates` (`id`, `extension_id`, `page`, `delegate`, `callback`) VALUES (4, 4, '/system/preferences/', 'AddCustomPreferenceFieldsets', 'appendPreferences');
INSERT INTO `tbl_extensions_delegates` (`id`, `extension_id`, `page`, `delegate`, `callback`) VALUES (5, 4, '/system/preferences/', 'Save', '__SavePreferences');
INSERT INTO `tbl_extensions_delegates` (`id`, `extension_id`, `page`, `delegate`, `callback`) VALUES (6, 5, '/system/preferences/', 'AddCustomPreferenceFieldsets', 'appendPreferences');
INSERT INTO `tbl_extensions_delegates` (`id`, `extension_id`, `page`, `delegate`, `callback`) VALUES (7, 5, '/system/preferences/', 'Save', '__SavePreferences');
INSERT INTO `tbl_extensions_delegates` (`id`, `extension_id`, `page`, `delegate`, `callback`) VALUES (8, 5, '/system/preferences/', 'CustomActions', '__toggleMaintenanceMode');
INSERT INTO `tbl_extensions_delegates` (`id`, `extension_id`, `page`, `delegate`, `callback`) VALUES (9, 5, '/frontend/', 'FrontendPrePageResolve', '__checkForMaintenanceMode');
INSERT INTO `tbl_extensions_delegates` (`id`, `extension_id`, `page`, `delegate`, `callback`) VALUES (10, 5, '/frontend/', 'FrontendParamsResolve', '__addParam');
INSERT INTO `tbl_extensions_delegates` (`id`, `extension_id`, `page`, `delegate`, `callback`) VALUES (11, 5, '/backend/', 'AppendPageAlert', '__appendAlert');
INSERT INTO `tbl_extensions_delegates` (`id`, `extension_id`, `page`, `delegate`, `callback`) VALUES (12, 7, '/frontend/', 'FrontendDevKitResolve', 'frontendDevKitResolve');
INSERT INTO `tbl_extensions_delegates` (`id`, `extension_id`, `page`, `delegate`, `callback`) VALUES (13, 7, '/frontend/', 'ManipulateDevKitNavigation', 'manipulateDevKitNavigation');

-- *** DATA: `tbl_fields` ***
INSERT INTO `tbl_fields` (`id`, `label`, `element_name`, `type`, `parent_section`, `required`, `sortorder`, `location`, `show_column`) VALUES (1, 'Title', 'title', 'input', 1, 'yes', 0, 'main', 'yes');
INSERT INTO `tbl_fields` (`id`, `label`, `element_name`, `type`, `parent_section`, `required`, `sortorder`, `location`, `show_column`) VALUES (2, 'Body', 'body', 'textarea', 1, 'yes', 1, 'main', 'no');
INSERT INTO `tbl_fields` (`id`, `label`, `element_name`, `type`, `parent_section`, `required`, `sortorder`, `location`, `show_column`) VALUES (3, 'Date', 'date', 'date', 1, 'no', 2, 'sidebar', 'yes');
INSERT INTO `tbl_fields` (`id`, `label`, `element_name`, `type`, `parent_section`, `required`, `sortorder`, `location`, `show_column`) VALUES (4, 'Categories', 'categories', 'selectbox_link', 1, 'yes', 3, 'sidebar', 'yes');
INSERT INTO `tbl_fields` (`id`, `label`, `element_name`, `type`, `parent_section`, `required`, `sortorder`, `location`, `show_column`) VALUES (5, 'Publish', 'publish', 'checkbox', 1, 'no', 4, 'sidebar', 'yes');
INSERT INTO `tbl_fields` (`id`, `label`, `element_name`, `type`, `parent_section`, `required`, `sortorder`, `location`, `show_column`) VALUES (6, 'Title', 'title', 'input', 2, 'yes', 0, 'main', 'yes');
INSERT INTO `tbl_fields` (`id`, `label`, `element_name`, `type`, `parent_section`, `required`, `sortorder`, `location`, `show_column`) VALUES (7, 'Description', 'description', 'textarea', 2, 'no', 1, 'main', 'yes');
INSERT INTO `tbl_fields` (`id`, `label`, `element_name`, `type`, `parent_section`, `required`, `sortorder`, `location`, `show_column`) VALUES (8, 'Date', 'date', 'date', 3, 'no', 0, 'main', 'yes');
INSERT INTO `tbl_fields` (`id`, `label`, `element_name`, `type`, `parent_section`, `required`, `sortorder`, `location`, `show_column`) VALUES (9, 'Note', 'note', 'textarea', 3, 'yes', 1, 'main', 'yes');
INSERT INTO `tbl_fields` (`id`, `label`, `element_name`, `type`, `parent_section`, `required`, `sortorder`, `location`, `show_column`) VALUES (10, 'Author', 'author', 'input', 4, 'yes', 0, 'main', 'yes');
INSERT INTO `tbl_fields` (`id`, `label`, `element_name`, `type`, `parent_section`, `required`, `sortorder`, `location`, `show_column`) VALUES (11, 'Email', 'email', 'input', 4, 'yes', 1, 'main', 'yes');
INSERT INTO `tbl_fields` (`id`, `label`, `element_name`, `type`, `parent_section`, `required`, `sortorder`, `location`, `show_column`) VALUES (12, 'Website', 'website', 'input', 4, 'no', 2, 'main', 'yes');
INSERT INTO `tbl_fields` (`id`, `label`, `element_name`, `type`, `parent_section`, `required`, `sortorder`, `location`, `show_column`) VALUES (13, 'Date', 'date', 'date', 4, 'no', 3, 'main', 'yes');
INSERT INTO `tbl_fields` (`id`, `label`, `element_name`, `type`, `parent_section`, `required`, `sortorder`, `location`, `show_column`) VALUES (14, 'Article', 'article', 'selectbox_link', 4, 'yes', 4, 'sidebar', 'yes');
INSERT INTO `tbl_fields` (`id`, `label`, `element_name`, `type`, `parent_section`, `required`, `sortorder`, `location`, `show_column`) VALUES (15, 'Comment', 'comment', 'textarea', 4, 'yes', 5, 'sidebar', 'no');
INSERT INTO `tbl_fields` (`id`, `label`, `element_name`, `type`, `parent_section`, `required`, `sortorder`, `location`, `show_column`) VALUES (16, 'Authorised', 'authorised', 'checkbox', 4, 'no', 6, 'sidebar', 'no');
INSERT INTO `tbl_fields` (`id`, `label`, `element_name`, `type`, `parent_section`, `required`, `sortorder`, `location`, `show_column`) VALUES (17, 'Name', 'name', 'input', 5, 'yes', 0, 'main', 'yes');
INSERT INTO `tbl_fields` (`id`, `label`, `element_name`, `type`, `parent_section`, `required`, `sortorder`, `location`, `show_column`) VALUES (18, 'Email', 'email', 'input', 5, 'yes', 1, 'main', 'yes');
INSERT INTO `tbl_fields` (`id`, `label`, `element_name`, `type`, `parent_section`, `required`, `sortorder`, `location`, `show_column`) VALUES (19, 'Subject', 'subject', 'input', 5, 'no', 2, 'main', 'yes');
INSERT INTO `tbl_fields` (`id`, `label`, `element_name`, `type`, `parent_section`, `required`, `sortorder`, `location`, `show_column`) VALUES (20, 'Message', 'message', 'textarea', 5, 'no', 3, 'sidebar', 'no');
INSERT INTO `tbl_fields` (`id`, `label`, `element_name`, `type`, `parent_section`, `required`, `sortorder`, `location`, `show_column`) VALUES (21, 'Image', 'image', 'upload', 6, 'yes', 0, 'main', 'yes');
INSERT INTO `tbl_fields` (`id`, `label`, `element_name`, `type`, `parent_section`, `required`, `sortorder`, `location`, `show_column`) VALUES (22, 'Article', 'article', 'selectbox_link', 6, 'no', 1, 'main', 'yes');
INSERT INTO `tbl_fields` (`id`, `label`, `element_name`, `type`, `parent_section`, `required`, `sortorder`, `location`, `show_column`) VALUES (23, 'Description', 'description', 'textarea', 6, 'no', 2, 'sidebar', 'no');

-- *** DATA: `tbl_pages` ***
INSERT INTO `tbl_pages` (`id`, `parent`, `title`, `handle`, `path`, `params`, `data_sources`, `events`, `sortorder`) VALUES (1, NULL, 'Home', 'home', NULL, NULL, 'article_images,homepage_articles,navigation,notes', 'login', 1);
INSERT INTO `tbl_pages` (`id`, `parent`, `title`, `handle`, `path`, `params`, `data_sources`, `events`, `sortorder`) VALUES (2, NULL, 'Articles', 'articles', NULL, 'entry/cat', 'article_images,article,comments,navigation', 'login,save_comment', 2);
INSERT INTO `tbl_pages` (`id`, `parent`, `title`, `handle`, `path`, `params`, `data_sources`, `events`, `sortorder`) VALUES (3, NULL, 'Archive', 'archive', NULL, NULL, 'archive,navigation', 'login', 3);
INSERT INTO `tbl_pages` (`id`, `parent`, `title`, `handle`, `path`, `params`, `data_sources`, `events`, `sortorder`) VALUES (4, NULL, 'About', 'about', NULL, NULL, 'navigation,website_owner', 'login,save_message', 4);
INSERT INTO `tbl_pages` (`id`, `parent`, `title`, `handle`, `path`, `params`, `data_sources`, `events`, `sortorder`) VALUES (5, NULL, 'Drafts', 'drafts', NULL, 'entry', 'article_images,drafts,navigation', 'login,publish_article', 5);
INSERT INTO `tbl_pages` (`id`, `parent`, `title`, `handle`, `path`, `params`, `data_sources`, `events`, `sortorder`) VALUES (6, NULL, 'RSS', 'rss', NULL, NULL, 'rss_articles', NULL, 6);
INSERT INTO `tbl_pages` (`id`, `parent`, `title`, `handle`, `path`, `params`, `data_sources`, `events`, `sortorder`) VALUES (7, NULL, 'Maintenance', 'maintenance', NULL, NULL, NULL, NULL, 7);
INSERT INTO `tbl_pages` (`id`, `parent`, `title`, `handle`, `path`, `params`, `data_sources`, `events`, `sortorder`) VALUES (8, NULL, '404: Page Not Found', 'page-not-found', NULL, NULL, NULL, NULL, 8);

-- *** DATA: `tbl_pages_types` ***
INSERT INTO `tbl_pages_types` (`id`, `page_id`, `type`) VALUES (1, 1, 'hidden');
INSERT INTO `tbl_pages_types` (`id`, `page_id`, `type`) VALUES (2, 1, 'index');
INSERT INTO `tbl_pages_types` (`id`, `page_id`, `type`) VALUES (6, 5, 'admin');
INSERT INTO `tbl_pages_types` (`id`, `page_id`, `type`) VALUES (5, 2, 'hidden');
INSERT INTO `tbl_pages_types` (`id`, `page_id`, `type`) VALUES (7, 6, 'hidden');
INSERT INTO `tbl_pages_types` (`id`, `page_id`, `type`) VALUES (8, 6, 'XML');
INSERT INTO `tbl_pages_types` (`id`, `page_id`, `type`) VALUES (9, 7, 'hidden');
INSERT INTO `tbl_pages_types` (`id`, `page_id`, `type`) VALUES (10, 7, 'maintenance');
INSERT INTO `tbl_pages_types` (`id`, `page_id`, `type`) VALUES (15, 8, 404);
INSERT INTO `tbl_pages_types` (`id`, `page_id`, `type`) VALUES (16, 8, 'hidden');

-- *** DATA: `tbl_sections` ***
INSERT INTO `tbl_sections` (`id`, `name`, `handle`, `sortorder`, `entry_order`, `entry_order_direction`, `hidden`, `navigation_group`) VALUES (1, 'Articles', 'articles', 0, NULL, 'asc', 'no', 'Content');
INSERT INTO `tbl_sections` (`id`, `name`, `handle`, `sortorder`, `entry_order`, `entry_order_direction`, `hidden`, `navigation_group`) VALUES (2, 'Categories', 'categories', 1, NULL, 'asc', 'no', 'Content');
INSERT INTO `tbl_sections` (`id`, `name`, `handle`, `sortorder`, `entry_order`, `entry_order_direction`, `hidden`, `navigation_group`) VALUES (3, 'Notes', 'notes', 2, NULL, 'asc', 'no', 'Content');
INSERT INTO `tbl_sections` (`id`, `name`, `handle`, `sortorder`, `entry_order`, `entry_order_direction`, `hidden`, `navigation_group`) VALUES (4, 'Comments', 'comments', 3, NULL, 'asc', 'no', 'Content');
INSERT INTO `tbl_sections` (`id`, `name`, `handle`, `sortorder`, `entry_order`, `entry_order_direction`, `hidden`, `navigation_group`) VALUES (5, 'Messages', 'messages', 4, NULL, 'asc', 'no', 'Content');
INSERT INTO `tbl_sections` (`id`, `name`, `handle`, `sortorder`, `entry_order`, `entry_order_direction`, `hidden`, `navigation_group`) VALUES (6, 'Images', 'images', 5, NULL, 'asc', 'yes', 'Content');

-- *** DATA: `tbl_sections_association` ***
INSERT INTO `tbl_sections_association` (`id`, `parent_section_id`, `parent_section_field_id`, `child_section_id`, `child_section_field_id`, `cascading_deletion`) VALUES (1, 1, 1, 4, 14, 'no');
INSERT INTO `tbl_sections_association` (`id`, `parent_section_id`, `parent_section_field_id`, `child_section_id`, `child_section_field_id`, `cascading_deletion`) VALUES (4, 1, 1, 6, 22, 'no');
INSERT INTO `tbl_sections_association` (`id`, `parent_section_id`, `parent_section_field_id`, `child_section_id`, `child_section_field_id`, `cascading_deletion`) VALUES (3, 2, 6, 1, 4, 'no');
